<project name="Database creation" default="dist" basedir=".">
	<property name="sql.driver" 	value="com.mysql.jdbc.Driver"/>
	<property name="sql.url" 		value="jdbc:mysql://localhost:3306/proyecto_integracion_api" />
	<property name="sql.db" 		value="proyecto_integracion_api"/>
	<property name="sql.user"    	value="proyecto_integracion_user"/>
	<property name="sql.pass" 		value="qwer12345678"/>
	<property name="sql.encode" 	value="UTF-8"/>
	<target name="Init">
      <input message="Do you really want to delete this Database (y/n)?" validargs="y,n" addproperty="do.delete" /> 
      <condition property="do.abort"> 
            <equals arg1="n" arg2="${do.delete}"/> 
      </condition> 
      <fail if="do.abort">Build aborted by user.</fail> 
      <sql driver="${sql.driver}" 
      		url="${sql.url}" 
      		userid="${sql.user}" 
      		password="${sql.pass}"
      		classpath = "../Lib/mysql-connector-java/mysql-connector-java-5.1.39-bin.jar"
			delimiter = "$$"
			encoding = "${sql.encode}">
		   SET FOREIGN_KEY_CHECKS=0;$$
           DROP TABLE IF EXISTS ${sql.db}.`perfil_reporte`;$$
           DROP TABLE IF EXISTS ${sql.db}.`ubicacion`;$$
           DROP TABLE IF EXISTS ${sql.db}.`reporte`;$$
           DROP TABLE IF EXISTS ${sql.db}.`perfil`;$$
           DROP TABLE IF EXISTS ${sql.db}.`cuenta`;$$
           SET FOREIGN_KEY_CHECKS=1;$$
      </sql>
   </target>

	<target name="CreateTables"> 
		<sql 
			driver="${sql.driver}" 
			url="${sql.url}" 
			userid="${sql.user}" 
			password="${sql.pass}" 
			autocommit="true"
			classpath = "../Lib/mysql-connector-java/mysql-connector-java-5.1.39-bin.jar"
			delimiter = "$$"
			encoding = "${sql.encode}"> 
			<path>
				<fileset dir=".">
					<include name= "00*.sql"/>
				</fileset>
			</path>
			 
		</sql> 
	</target> 

	<target name="CreateStores"> 
		<sql 
			driver="${sql.driver}" 
			url="${sql.url}" 
			userid="${sql.user}" 
			password="${sql.pass}" 
			autocommit="true"
			classpath = "../Lib/mysql-connector-java/mysql-connector-java-5.1.39-bin.jar"
			delimiter = "$$"
			encoding = "${sql.encode}"> 
			<path>
				<fileset dir=".">
					<include name= "4*.sql"/>
				</fileset>
			</path>
			 
		</sql> 
	</target> 

	<target name="InsertData"> 
		<sql 
			driver="${sql.driver}" 
			url="${sql.url}" 
			userid="${sql.user}" 
			password="${sql.pass}" 
			autocommit="true"
			classpath = "../Lib/mysql-connector-java/mysql-connector-java-5.1.39-bin.jar"
			delimiter = "$$"
			encoding = "${sql.encode}"> 
			<path>
				<fileset dir=".">
					<include name= "9*.sql"/>
				</fileset>
			</path>
			 
		</sql> 
	</target>

	<target name ="CreateDataBase">
		<antcall target = "CreateTables"/>
		<antcall target = "CreateStores"/>
		<antcall target = "InsertData"/>
	</target>

</project>
